{
    "dropTime":512,
    "notes":[
        [16.239117,487],
        [16.719091,333],
        [17.199066,574],
        [17.73904,307],
        [18.239016,686],
        [18.71899,311],
        [19.198967,602],
        [19.65892,322],
        [20.198895,622],
        [20.67887,432],
        [21.178844,460],
        [21.638819,361],
        [22.118795,570],
        [22.558771,408],
        [23.058722,407],
        [23.33872,407],
        [23.598698,407],
        [24.058672,326],
        [24.498648,526],
        [24.958622,320],
        [25.4586,533],
        [25.958572,320],
        [26.458525,507],
        [26.938501,386],
        [27.1985,386],
        [27.458475,386],
        [27.938452,316],
        [28.358427,562],
        [28.818401,791],
        [29.338377,482],
        [29.798351,313],
        [30.298306,208],
        [30.75828,160],
        [31.018278,160],
        [31.238255,160],
        [31.77823,307],
        [33.138165,385],
        [34.07812,502],
        [35.01806,380],
        [35.998016,233],
        [36.977978,233],
        [37.917934,233],
        [38.877872,233],
        [39.87783,233],
        [40.81779,233],
        [41.757748,233],
        [42.717686,233],
        [43.697647,233],
        [44.637604,233],
        [45.577564,233],
        [47.01748,647],
        [47.63746,474],
        [48.13744,324],
        [48.61742,242],
        [49.197376,530],
        [49.697353,413],
        [50.197334,413],
        [50.457314,413],
        [50.717316,413],
        [51.197292,316],
        [51.67725,490],
        [52.13723,582],
        [52.61721,467],
        [53.09719,408],
        [53.57717,358],
        [54.037148,358],
        [54.277126,358],
        [54.53713,358],
        [54.99711,271],
        [55.45709,271],
        [55.917046,750],
        [56.397022,236],
        [57.416985,548],
        [57.89696,436],
        [58.13694,436],
        [58.37694,436],
        [58.8969,273],
        [59.356876,737],
        [59.796856,307],
        [60.296837,465],
        [60.83682,343],
        [61.2768,202],
        [61.73678,689],
        [62.716736,450],
        [63.636673,365],
        [64.69662,679],
        [65.07659,679],
        [65.49657,679],
        [65.87653,679],
        [66.15651,679],
        [66.63648,348],
        [67.53642,615],
        [68.57636,342],
        [68.93633,342],
        [69.33631,342],
        [69.71628,342],
        [70.01625,342],
        [70.51622,246],
        [71.436165,258],
        [72.37611,506],
        [72.75608,584],
        [73.17605,671],
        [73.55602,708],
        [73.855995,754],
        [74.41597,218],
        [75.27591,326],
        [76.17585,449],
        [76.555824,527],
        [76.915794,582],
        [77.39577,619],
        [77.67574,656],
        [78.19571,197],
        [78.63568,290],
        [79.05565,374],
        [79.53562,456],
        [80.0956,630],
        [80.595566,537],
        [81.03554,431],
        [81.535484,359],
        [82.05545,168],
        [82.53542,307],
        [83.03539,440],
        [84.05531,279],
        [84.51528,439],
        [84.91525,577],
        [85.395226,316],
        [85.65523,320],
        [86.0152,491],
        [86.49517,365],
        [86.95514,288],
        [87.39511,225],
        [87.915054,602],
        [88.35503,486],
        [88.795,322],
        [89.075,322],
        [89.33497,322],
        [89.87494,671],
        [90.35491,402],
        [90.75488,552],
        [91.21485,365],
        [91.71482,227],
        [92.19477,410],
        [92.67474,518],
        [93.654686,441],
        [94.13465,389],
        [94.59463,346],
        [95.0746,300],
        [95.61454,645],
        [96.11452,471],
        [96.574486,333],
        [97.01446,256],
        [97.51443,164],
        [97.9944,359],
        [98.45437,544],
        [98.87434,667],
        [99.454285,589],
        [99.89426,484],
        [100.45423,484],
        [100.7342,484],
        [101.0142,484],
        [101.47417,369],
        [101.89414,566],
        [102.31411,477],
        [102.57409,357],
        [102.83406,469],
        [103.07406,663],
        [103.45403,445],
        [103.834,275],
        [104.253975,409],
        [104.53394,625],
        [104.793945,487],
        [105.23392,309],
        [105.71388,320],
        [106.17386,513],
        [106.45383,664],
        [106.713806,577],
        [107.213776,326],
        [107.61375,397],
        [108.113716,495],
        [108.45369,677],
        [108.67368,537],
        [109.273636,354],
        [109.67361,365],
        [109.9936,464],
        [111.09351,208],
        [111.51349,270],
        [111.89346,394],
        [113.13338,584],
        [113.53335,354],
        [113.85334,211],
        [114.97326,121],
        [115.37323,390],
        [115.73321,585],
        [117.01312,342],
        [117.33309,229],
        [117.61309,229],
        [118.213036,461],
        [118.47303,604],
        [118.913,459],
        [119.31297,459],
        [119.65295,459],
        [120.83286,305],
        [121.21284,422],
        [121.53283,562],
        [122.05278,614],
        [122.29277,614],
        [122.672745,614],
        [122.83275,614],
        [122.97272,614],
        [123.11272,614],
        [123.27271,614],
        [123.45269,614],
        [123.59269,614],
        [123.75266,614],
        [123.91266,614],
        [124.07266,614],
        [124.21263,614],
        [124.39263,614],
        [124.55263,614],
        [124.692604,614],
        [125.33257,203],
        [125.57255,227],
        [125.75255,522],
        [125.97252,210],
        [126.19252,218],
        [126.432495,398],
        [126.63249,541],
        [126.87246,147],
        [127.09246,542],
        [127.332436,487],
        [127.55243,283],
        [127.7524,202],
        [127.972404,507],
        [128.45236,405],
        [128.65237,305],
        [128.87234,611],
        [129.25237,346],
        [129.49234,663],
        [130.51233,738],
        [130.7323,365],
        [130.9723,203],
        [131.43228,697],
        [131.65228,339],
        [131.91226,210],
        [132.15227,589],
        [132.63226,243],
        [132.87224,247],
        [133.07225,604],
        [133.29222,719],
        [133.59221,350],
        [133.83221,181],
        [134.0722,110],
        [134.51219,462],
        [134.7522,530],
        [134.99217,617],
        [135.23218,509],
        [135.49217,354],
        [135.73215,153],
        [135.95215,172],
        [136.19214,363],
        [136.43214,567],
        [136.63213,652],
        [137.1121,380],
        [137.5721,173],
        [137.7921,190],
        [138.29207,539],
        [138.71205,532],
        [139.17204,240],
        [139.61203,260],
        [140.17203,622],
        [140.632,574],
        [141.112,467],
        [141.61198,467],
        [142.11195,467],
        [142.55194,467],
        [143.05193,467],
        [143.55191,467],
        [144.11191,467],
        [144.5519,467],
        [145.05188,467],
        [145.53185,467],
        [146.01184,467],
        [146.49182,467],
        [146.93181,467],
        [147.4118,467],
        [147.9518,467],
        [148.13177,467],
        [148.29178,467],
        [148.47179,467],
        [148.89177,467],
        [149.05176,467],
        [149.23175,467],
        [149.45174,467],
        [149.83173,467],
        [149.99173,467],
        [150.17172,467],
        [150.35172,467],
        [150.7917,467],
        [150.97171,467],
        [151.13168,467],
        [151.31169,467],
        [151.75168,467],
        [151.93166,467],
        [152.09166,467],
        [152.31166,467],
        [152.47165,467],
        [152.65166,467],
        [152.85164,467],
        [153.03163,467],
        [153.21162,467],
        [153.41162,467],
        [153.59163,467],
        [153.7716,467],
        [153.97162,467],
        [154.1516,467],
        [154.3516,467],
        [154.51158,467],
        [154.67159,467],
        [154.85158,467],
        [155.05157,467],
        [155.71156,467],
        [159.53145,358],
        [163.4113,296],
